id,type,name,category,latitude,longitude
60879475,node,（名称不明）,bus_stop,14.7246624,-17.4827304
60880845,node,Arrêt DDD,bus_stop,14.7255546,-17.4716078
560149694,node,Gare Palais 1,bus_stop,14.6510408,-17.433456
622365165,node,（名称不明）,bus_stop,14.7326101,-17.4930023
711879106,node,（名称不明）,bus_stop,14.6696986,-17.4302712
711879113,node,（名称不明）,bus_stop,14.6664791,-17.4370311
711879117,node,centre ville,bus_stop,14.6706184,-17.4371376
711879175,node,（名称不明）,bus_stop,14.6658025,-17.4375668
711879185,node,（名称不明）,bus_stop,14.6666121,-17.439498
711879188,node,（名称不明）,bus_stop,14.6675877,-17.4423304
711879244,node,（名称不明）,bus_stop,14.6693378,-17.4365554
711879280,node,（名称不明）,bus_stop,14.6695598,-17.4334469
1158142382,node,（名称不明）,bus_stop,14.7871547,-17.3656859
1247815126,node,Keur Mbaye Fall Centre,bus_stop,14.7463453,-17.3193691
1782535718,node,Ex Terminus ligne 63,bus_stop,14.7148886,-17.2639313
1902193270,node,Arret Khaal,bus_stop,14.7202885,-17.2654739
2108331470,node,（名称不明）,bus_stop,14.7159306,-17.2739369
2115182802,node,（名称不明）,bus_stop,14.7501951,-17.4591565
2115182804,node,（名称不明）,bus_stop,14.7518136,-17.459929
2115182805,node,Terminus ligne 34,bus_stop,14.7542206,-17.4619996
2121628909,node,"Arrêt  mini bus (39,24 46,58,4,29,47,38)",bus_stop,14.6969311,-17.4663919
2121628913,node,（名称不明）,bus_stop,14.6914463,-17.459925
2133676484,node,（名称不明）,bus_stop,14.6981768,-17.4673712
2162802397,node,Arret bus tata 26-29-30-36,bus_stop,14.758749,-17.4292332
2162824094,node,Arret Bus Tata 26-36,bus_stop,14.7589813,-17.4298108
2173614350,node,（名称不明）,bus_stop,14.6791825,-17.464925
2175197258,node,Arret bus 18 / 39,bus_stop,14.6837603,-17.4575791
2175273854,node,（名称不明）,bus_stop,14.6838516,-17.4591595
2322011305,node,（名称不明）,bus_stop,14.7209801,-17.1812497
2347556991,node,Carrefour Keur Massar,bus_stop,14.7474805,-17.3247917
2347556994,node,Keur Mbaye Fall Mosquée,bus_stop,14.7437142,-17.3151948
2347556996,node,Ddd,bus_stop,14.7493481,-17.3334445
2347556999,node,Carrefour Petit Mbao,bus_stop,14.7498098,-17.3342599
2347557002,node,Carrefour Grand Mbao,bus_stop,14.739455,-17.3109515
2347557015,node,Carrefour Grand Mbao,bus_stop,14.7375256,-17.3095146
2347557020,node,Keur Mbaye Fall Mosquée,bus_stop,14.74415,-17.3152216
2347557023,node,Carrefour Keur Massar,bus_stop,14.7481847,-17.3255832
2347557029,node,Carrefour ZFI Mbao,bus_stop,14.7492443,-17.3411157
2532220922,node,（名称不明）,bus_stop,14.7157702,-17.4831511
2614599033,node,228 (Toubab Dialaw/Rufisque),bus_stop,14.6039835,-17.1490462
2614602780,node,228 (Toubab Dialaw/Rufisque),bus_stop,14.6065317,-17.1470625
2614605068,node,228 (Toubab Dialaw/Rufisque),bus_stop,14.7205061,-17.2825282
2637247631,node,（名称不明）,bus_stop,14.7100542,-17.4576138
2637248411,node,（名称不明）,bus_stop,14.7109609,-17.4541347
2637254630,node,（名称不明）,bus_stop,14.7062674,-17.4592194
2637255107,node,（名称不明）,bus_stop,14.7042938,-17.4575411
2637255966,node,（名称不明）,bus_stop,14.7055553,-17.4523011
2637258856,node,（名称不明）,bus_stop,14.7012781,-17.4549957
2637268039,node,（名称不明）,bus_stop,14.7021634,-17.4525377
3049117165,node,Ligne 228 - Mairie de Yène,bus_stop,14.6404634,-17.1740642
3060110541,node,Phare de Mamelle,bus_stop,14.7236436,-17.5014671
3186318883,node,（名称不明）,bus_stop,14.7014188,-17.4471638
3199922809,node,（名称不明）,bus_stop,14.6977347,-17.450698
3199922810,node,（名称不明）,bus_stop,14.6984171,-17.4479317
3199922812,node,（名称不明）,bus_stop,14.6995536,-17.4472839
3199922813,node,Tata,bus_stop,14.7006501,-17.4544693
3199922815,node,（名称不明）,bus_stop,14.7026421,-17.4488622
3199928566,node,（名称不明）,bus_stop,14.7067171,-17.4559933
3199928567,node,（名称不明）,bus_stop,14.7070008,-17.456851
3199928568,node,（名称不明）,bus_stop,14.7074884,-17.4559187
3199928570,node,（名称不明）,bus_stop,14.708663,-17.4574433
3199931294,node,（名称不明）,bus_stop,14.706142,-17.452489
3199931295,node,（名称不明）,bus_stop,14.7075387,-17.4529878
3199931296,node,（名称不明）,bus_stop,14.7079316,-17.4543464
3199931297,node,（名称不明）,bus_stop,14.7080787,-17.4542405
3199931298,node,（名称不明）,bus_stop,14.708996,-17.4534683
3199933230,node,（名称不明）,bus_stop,14.7025765,-17.4554898
3199933231,node,（名称不明）,bus_stop,14.7032098,-17.4559026
3199933232,node,（名称不明）,bus_stop,14.7036683,-17.4570292
3199933233,node,（名称不明）,bus_stop,14.7042836,-17.4553617
3199933234,node,（名称不明）,bus_stop,14.7044691,-17.4522851
3199933235,node,（名称不明）,bus_stop,14.7056742,-17.4555895
3199933859,node,（名称不明）,bus_stop,14.7040021,-17.4512874
3199936046,node,（名称不明）,bus_stop,14.7115201,-17.4543279
3199936047,node,Arrêt bus AFTU,bus_stop,14.7119901,-17.4557081
3202927798,node,（名称不明）,bus_stop,14.7175347,-17.4862242
3434206994,node,Arret bus Mamelles,bus_stop,14.7269246,-17.5012368
3473319955,node,"Gare Routière ""Les Pompiers""",bus_stop,14.6848608,-17.4403545
3478004989,node,（名称不明）,bus_stop,14.7753833,-17.4044593
3478004992,node,（名称不明）,bus_stop,14.7752435,-17.4043944
3478019189,node,（名称不明）,bus_stop,14.7757639,-17.4014161
3481118108,node,Gris Bordeaux,bus_stop,14.7338603,-17.3277672
3564577821,node,（名称不明）,bus_stop,14.719558,-17.4654392
3576845841,node,Gris Bordeaux,bus_stop,14.7337155,-17.3270433
3663505260,node,（名称不明）,bus_stop,14.7138547,-17.4716615
3663999733,node,（名称不明）,bus_stop,14.7204755,-17.4872961
3664240558,node,（名称不明）,bus_stop,14.6930828,-17.4619718
3700784824,node,（名称不明）,bus_stop,14.7056399,-17.4699807
3959698231,node,（名称不明）,bus_stop,14.7646141,-17.2295246
3959698233,node,（名称不明）,bus_stop,14.7652988,-17.2294473
3962190626,node,（名称不明）,bus_stop,14.7465592,-17.4085046
3962190670,node,（名称不明）,bus_stop,14.7464815,-17.4046554
3962190808,node,（名称不明）,bus_stop,14.7468568,-17.4081537
3962191361,node,（名称不明）,bus_stop,14.746774,-17.404857
3962630677,node,（名称不明）,bus_stop,14.675201,-17.4533282
3965135057,node,（名称不明）,bus_stop,14.7193278,-17.4714819
4044836611,node,（名称不明）,bus_stop,14.7399054,-17.4717838
4044837299,node,（名称不明）,bus_stop,14.7400525,-17.4714484
4044890993,node,（名称不明）,bus_stop,14.7398644,-17.4687826
4044891090,node,Arrêt de Bus Tata,bus_stop,14.7295953,-17.4580511
4044891091,node,（名称不明）,bus_stop,14.7377609,-17.465412
4044891189,node,（名称不明）,bus_stop,14.7381593,-17.4657239
4109925391,node,Arrêt Bus 72 Cité Air France Kounoune.,bus_stop,14.7634562,-17.2601336
4209977299,node,terminus Diamalaye,bus_stop,14.7596385,-17.4527135
4223949589,node,（名称不明）,bus_stop,14.7076639,-17.4347978
4223949590,node,（名称不明）,bus_stop,14.7106466,-17.4339806
4223949591,node,（名称不明）,bus_stop,14.7128526,-17.4336301
4223949593,node,（名称不明）,bus_stop,14.7195663,-17.4336302
4223949594,node,（名称不明）,bus_stop,14.7209181,-17.4350831
4223949596,node,Arret DDD,bus_stop,14.7222751,-17.4366184
4223949598,node,（名称不明）,bus_stop,14.7243785,-17.4378165
4223949599,node,Arret DDD,bus_stop,14.7256872,-17.4294771
4223959275,node,（名称不明）,bus_stop,14.7029501,-17.4361645
4223959276,node,（名称不明）,bus_stop,14.7076185,-17.4349135
4223959277,node,（名称不明）,bus_stop,14.7128794,-17.4338033
4223959278,node,（名称不明）,bus_stop,14.7198561,-17.4323356
4223959279,node,（名称不明）,bus_stop,14.7204872,-17.434832
4223959280,node,（名称不明）,bus_stop,14.7233694,-17.43082
4223959281,node,（名称不明）,bus_stop,14.720335,-17.4377619
4223959282,node,（名称不明）,bus_stop,14.7243431,-17.4379887
4223959283,node,（名称不明）,bus_stop,14.7309525,-17.4238241
4223959284,node,（名称不明）,bus_stop,14.7331418,-17.4202466
4231306091,node,32,bus_stop,14.7421702,-17.3754208
4234120889,node,（名称不明）,bus_stop,14.7209996,-17.4317379
4234120892,node,（名称不明）,bus_stop,14.7297491,-17.4255391
4234120893,node,（名称不明）,bus_stop,14.7309057,-17.4235858
4234120894,node,（名称不明）,bus_stop,14.7335351,-17.4191894
4234120895,node,Yarakh,bus_stop,14.7354486,-17.4161783
4234120896,node,Yarakh,bus_stop,14.7355984,-17.4162012
4241761696,node,gare serigne mourtala,bus_stop,14.7605525,-17.4295313
4254567083,node,（名称不明）,bus_stop,14.6688821,-17.1091339
4254567206,node,（名称不明）,bus_stop,14.6702547,-17.1102443
4254567222,node,（名称不明）,bus_stop,14.6720749,-17.112775
4254567392,node,（名称不明）,bus_stop,14.674911,-17.1177035
4254567406,node,（名称不明）,bus_stop,14.6751925,-17.1184546
4254567495,node,（名称不明）,bus_stop,14.6799005,-17.1257247
4254567526,node,（名称不明）,bus_stop,14.6805777,-17.1264194
4254567730,node,（名称不明）,bus_stop,14.6826132,-17.1293846
4254567766,node,（名称不明）,bus_stop,14.6837159,-17.1306264
4258281389,node,（名称不明）,bus_stop,14.7000011,-17.4687975
4305613595,node,Arrêt bus AFTU,bus_stop,14.7123449,-17.4555452
4305613596,node,Dakar Dem Dikk,bus_stop,14.7103599,-17.4535166
4323807978,node,（名称不明）,bus_stop,14.7270333,-17.4829157
4323807979,node,（名称不明）,bus_stop,14.7271022,-17.4831566
4323807980,node,（名称不明）,bus_stop,14.7273725,-17.485296
4323807981,node,（名称不明）,bus_stop,14.727429,-17.4852022
4323807982,node,（名称不明）,bus_stop,14.7275147,-17.4504501
4323807983,node,（名称不明）,bus_stop,14.7277439,-17.4881273
4323807984,node,（名称不明）,bus_stop,14.728102,-17.4879707
4323807985,node,Arrêt Limite Khar YALLA,bus_stop,14.7281273,-17.4531514
4323807986,node,（名称不明）,bus_stop,14.7292485,-17.4463871
4323807987,node,（名称不明）,bus_stop,14.7293903,-17.491141
4323807988,node,（名称不明）,bus_stop,14.7296843,-17.4925647
4323838489,node,（名称不明）,bus_stop,14.7296803,-17.4582078
4323838490,node,（名称不明）,bus_stop,14.7299174,-17.4579721
4323838491,node,（名称不明）,bus_stop,14.7304528,-17.4464314
4323838492,node,（名称不明）,bus_stop,14.73069,-17.4947442
4323838493,node,Arret Rond Point 6,bus_stop,14.7308875,-17.4565734
4323838494,node,（名称不明）,bus_stop,14.7310037,-17.4936008
4323838495,node,Arrêt Khar Yalla,bus_stop,14.7311092,-17.4566575
4323838496,node,（名称不明）,bus_stop,14.7316664,-17.4951195
4323838497,node,（名称不明）,bus_stop,14.7317885,-17.4594349
4323838498,node,（名称不明）,bus_stop,14.7319838,-17.4600071
4323838499,node,（名称不明）,bus_stop,14.7323064,-17.446184
4323838500,node,（名称不明）,bus_stop,14.73247,-17.4462797
4323838501,node,（名称不明）,bus_stop,14.7324566,-17.4929819
4323838502,node,（名称不明）,bus_stop,14.7336896,-17.4613669
4323838503,node,（名称不明）,bus_stop,14.7339096,-17.4460673
4323838504,node,（名称不明）,bus_stop,14.7342296,-17.461321
4323838505,node,（名称不明）,bus_stop,14.7345017,-17.4461626
4323838506,node,（名称不明）,bus_stop,14.7346495,-17.508795
4323838507,node,（名称不明）,bus_stop,14.7348828,-17.4730452
4323838508,node,（名称不明）,bus_stop,14.7351706,-17.4560045
4323838509,node,（名称不明）,bus_stop,14.7351958,-17.4615452
4323838510,node,（名称不明）,bus_stop,14.735423,-17.5087949
4323838511,node,Arrêt Credit Mutuel,bus_stop,14.7354522,-17.455744
4323838512,node,（名称不明）,bus_stop,14.7357947,-17.4733169
4323838513,node,（名称不明）,bus_stop,14.735806,-17.4609084
4323838514,node,（名称不明）,bus_stop,14.7367457,-17.4452548
4323838515,node,（名称不明）,bus_stop,14.7367617,-17.4450984
4323838516,node,（名称不明）,bus_stop,14.7377573,-17.4656438
4323838517,node,（名称不明）,bus_stop,14.7381489,-17.4655507
4323838518,node,（名称不明）,bus_stop,14.7382712,-17.4590123
4323838519,node,（名称不明）,bus_stop,14.7381756,-17.4589334
4323838520,node,（名称不明）,bus_stop,14.7384341,-17.4433343
4323838521,node,（名称不明）,bus_stop,14.7384641,-17.4431547
4323838522,node,Arrêt Sen Carreaux 2000,bus_stop,14.7387536,-17.4541104
4323838523,node,（名称不明）,bus_stop,14.7389544,-17.5100541
4323838524,node,（名称不明）,bus_stop,14.7394378,-17.5101102
4323838525,node,（名称不明）,bus_stop,14.7395481,-17.4686992
4323838526,node,Arrêt Mosquée Arafat5,bus_stop,14.7396452,-17.4532981
4323838527,node,（名称不明）,bus_stop,14.739886,-17.4686121
4323838528,node,（名称不明）,bus_stop,14.7399196,-17.4714007
4323838529,node,（名称不明）,bus_stop,14.7401543,-17.4717586
4323838530,node,（名称不明）,bus_stop,14.7402156,-17.4573675
4323838531,node,（名称不明）,bus_stop,14.7406364,-17.4568789
4323838532,node,（名称不明）,bus_stop,14.7415756,-17.4514354
4323838533,node,（名称不明）,bus_stop,14.7420478,-17.450522
4323838534,node,（名称不明）,bus_stop,14.7423711,-17.4502809
4323838535,node,（名称不明）,bus_stop,14.742548,-17.4553236
4323838536,node,（名称不明）,bus_stop,14.742562,-17.4428146
4323838537,node,（名称不明）,bus_stop,14.7426107,-17.4426507
4323838538,node,（名称不明）,bus_stop,14.7427868,-17.4702049
4323838539,node,（名称不明）,bus_stop,14.742791,-17.4552786
4323838540,node,（名称不明）,bus_stop,14.7428587,-17.4485287
4323838541,node,ARRET JARDIN PATTE D'OIE,bus_stop,14.7430073,-17.4435518
4323838542,node,ARRET JARDIN PATTE D'OIE,bus_stop,14.743365,-17.4437747
4323838543,node,（名称不明）,bus_stop,14.7443194,-17.4512197
4323838544,node,（名称不明）,bus_stop,14.744412,-17.4501218
4323838545,node,（名称不明）,bus_stop,14.7449,-17.4690971
4323838546,node,（名称不明）,bus_stop,14.7446856,-17.5123799
4323838547,node,（名称不明）,bus_stop,14.7447118,-17.5123566
4323838548,node,（名称不明）,bus_stop,14.7449696,-17.4552925
4323838549,node,Telenco,bus_stop,14.7451462,-17.4547695
4323838550,node,（名称不明）,bus_stop,14.7460636,-17.443079
4323838551,node,（名称不明）,bus_stop,14.746175,-17.4668121
4323838552,node,（名称不明）,bus_stop,14.746366,-17.5095772
4323838553,node,（名称不明）,bus_stop,14.7465748,-17.5131596
4323838554,node,（名称不明）,bus_stop,14.746577,-17.4662977
4323838555,node,ARRET CITE MONTAGNE PARCELLES,bus_stop,14.7462716,-17.4456089
4323838556,node,ARRET CITE MONTAGNE PARCELLES,bus_stop,14.7469855,-17.4453966
4323838557,node,（名称不明）,bus_stop,14.7481037,-17.5076943
4323838558,node,（名称不明）,bus_stop,14.7481252,-17.4902804
4323838559,node,（名称不明）,bus_stop,14.7484281,-17.514309
4323838560,node,ARRET TALLY BOU BESS PARCELLES,bus_stop,14.7485016,-17.4438396
4323838561,node,ARRET TALLY BOU BESS PARCELLES,bus_stop,14.748502,-17.4440421
4323838562,node,（名称不明）,bus_stop,14.7489545,-17.4912109
4323838563,node,（名称不明）,bus_stop,14.7490052,-17.5065781
4323838564,node,（名称不明）,bus_stop,14.7496337,-17.5050898
4323838565,node,（名称不明）,bus_stop,14.7498692,-17.4472462
4323838567,node,（名称不明）,bus_stop,14.7500365,-17.4476287
4323838568,node,（名称不明）,bus_stop,14.7502388,-17.4578768
4323838569,node,（名称不明）,bus_stop,14.7502665,-17.4493677
4323838570,node,（名称不明）,bus_stop,14.7503656,-17.4574637
4323838571,node,ARRET POLICE PARCELLES,bus_stop,14.7503782,-17.4406336
4323838572,node,ARRET POLICE PARCELLES,bus_stop,14.7503999,-17.4410409
4323838573,node,（名称不明）,bus_stop,14.7504075,-17.4496372
4323838574,node,（名称不明）,bus_stop,14.750514,-17.4890139
4323838576,node,（名称不明）,bus_stop,14.7507031,-17.465075
4323838577,node,（名称不明）,bus_stop,14.7507912,-17.4465134
4323838578,node,（名称不明）,bus_stop,14.7509898,-17.4523487
4323838579,node,（名称不明）,bus_stop,14.7510573,-17.4884121
4323838580,node,（名称不明）,bus_stop,14.7510963,-17.4463771
4323838581,node,（名称不明）,bus_stop,14.7513002,-17.4559995
4323838582,node,（名称不明）,bus_stop,14.7513781,-17.4560503
4323838583,node,（名称不明）,bus_stop,14.7518506,-17.4541757
4323838584,node,ARRET CITE SOPRIM,bus_stop,14.7518652,-17.4366257
4323838585,node,（名称不明）,bus_stop,14.7519786,-17.4931153
4323838586,node,ARRET CITE SOPRIM,bus_stop,14.7522522,-17.4362465
4323838587,node,（名称不明）,bus_stop,14.7527632,-17.4934814
4323838588,node,Arrêt DDD L23,bus_stop,14.7538047,-17.4351526
4323839189,node,（名称不明）,bus_stop,14.7537572,-17.4965176
4323839190,node,ARRET 22,bus_stop,14.7537739,-17.4337351
4323839191,node,（名称不明）,bus_stop,14.754016,-17.4466517
4323839192,node,（名称不明）,bus_stop,14.7540906,-17.4962435
4323839193,node,ARRET CASE BI,bus_stop,14.7540589,-17.4329962
4323839194,node,（名称不明）,bus_stop,14.7541614,-17.4868123
4323839195,node,（名称不明）,bus_stop,14.7543956,-17.487011
4323839196,node,（名称不明）,bus_stop,14.7544646,-17.446897
4323839197,node,（名称不明）,bus_stop,14.7552231,-17.4745416
4323839198,node,Arrêt rue PA-21-05,bus_stop,14.755592,-17.4457662
4323839199,node,（名称不明）,bus_stop,14.7556592,-17.4741892
4323839200,node,Arrêt PA U21,bus_stop,14.7555965,-17.4462618
4323839201,node,Arrêt Ecole Elite,bus_stop,14.7556417,-17.4357892
4323839202,node,Arret PA U08,bus_stop,14.7557106,-17.4356977
4323839203,node,（名称不明）,bus_stop,14.7557442,-17.4681105
4323839204,node,Arrêt PA U24,bus_stop,14.7558066,-17.4471002
4323839205,node,（名称不明）,bus_stop,14.7558198,-17.4671708
4323839206,node,（名称不明）,bus_stop,14.7558753,-17.4671822
4323839207,node,（名称不明）,bus_stop,14.7559508,-17.4701423
4323839208,node,Arrêt Terrain-Acapes,bus_stop,14.7560153,-17.4472442
4323839209,node,（名称不明）,bus_stop,14.7560945,-17.4438067
4323839210,node,（名称不明）,bus_stop,14.7561093,-17.4712023
4323839211,node,（名称不明）,bus_stop,14.7561617,-17.4750534
4323839212,node,Arrêt Rue Mame Abdou Aziz Sy,bus_stop,14.7561659,-17.442934
4323839213,node,（名称不明）,bus_stop,14.7562395,-17.4773998
4323839214,node,ARRET CASE BI,bus_stop,14.7561852,-17.4298612
4323839215,node,（名称不明）,bus_stop,14.7564126,-17.4733764
4323839216,node,（名称不明）,bus_stop,14.7566196,-17.474159
4323839217,node,Arrêt PA U17,bus_stop,14.7567899,-17.4402797
4323839218,node,（名称不明）,bus_stop,14.7569209,-17.4778475
4323839219,node,（名称不明）,bus_stop,14.756932,-17.4391782
4323839220,node,（名称不明）,bus_stop,14.75702,-17.4664801
4323839221,node,（名称不明）,bus_stop,14.7570502,-17.4665082
4323839222,node,Arrêt PA U 13,bus_stop,14.7573403,-17.4371918
4323839223,node,Arrêt Mairie Parcelles Assainies,bus_stop,14.757473,-17.4369906
4323839224,node,（名称不明）,bus_stop,14.757617,-17.428799
4323839225,node,（名称不明）,bus_stop,14.7584613,-17.4656867
4323839226,node,（名称不明）,bus_stop,14.7585829,-17.4655717
4323839227,node,（名称不明）,bus_stop,14.7586742,-17.4291683
4323839228,node,Arrêt Chez Joe,bus_stop,14.758819,-17.4484495
4323839229,node,（名称不明）,bus_stop,14.7588649,-17.4363713
4323839230,node,（名称不明）,bus_stop,14.7589183,-17.482319
4323839231,node,Arrêt DDD L23,bus_stop,14.758949,-17.4508272
4323839232,node,Arrêt Croisement BrioheD'orée Diamalaye,bus_stop,14.7589589,-17.4510514
4323839233,node,Arrêt école Dior,bus_stop,14.7590235,-17.4471448
4323839234,node,（名称不明）,bus_stop,14.7591249,-17.4825116
4323839235,node,（名称不明）,bus_stop,14.7594648,-17.4526044
4323839236,node,Arrêt  PA U20,bus_stop,14.7595475,-17.4444913
4323839237,node,（名称不明）,bus_stop,14.7595621,-17.4579692
4323839238,node,（名称不明）,bus_stop,14.7595631,-17.4523611
4323839239,node,Arrêt PA U19,bus_stop,14.7604762,-17.4482103
4323839240,node,（名称不明）,bus_stop,14.7596749,-17.4629371
4323839241,node,（名称不明）,bus_stop,14.7596927,-17.4614023
4323839242,node,（名称不明）,bus_stop,14.7597215,-17.458577
4323839243,node,（名称不明）,bus_stop,14.75973,-17.4626912
4323839244,node,Arrêt Parcelles U20,bus_stop,14.7598113,-17.4436344
4323839245,node,Arrêt Parcelles U17,bus_stop,14.7601966,-17.4412137
4323839246,node,Arrêt Parcelles U16,bus_stop,14.7603778,-17.4407327
4323839247,node,（名称不明）,bus_stop,14.7609468,-17.4376822
4323839248,node,（名称不明）,bus_stop,14.7610729,-17.4374258
4323839249,node,Arrêt PA U23,bus_stop,14.7612249,-17.4482508
4323839250,node,（名称不明）,bus_stop,14.761341,-17.4369089
4323839251,node,Arrêt croisement Diamalaye-HLM Grand Medine,bus_stop,14.7613501,-17.4505563
4323839252,node,（名称不明）,bus_stop,14.7614477,-17.4294346
4323839253,node,（名称不明）,bus_stop,14.7615654,-17.4297053
4323839254,node,Arrêt Ecole Elementaire,bus_stop,14.7615744,-17.4496769
4323839255,node,ligne 23 DDD,bus_stop,14.761637,-17.4488446
4323839256,node,（名称不明）,bus_stop,14.7627153,-17.4471612
4323839257,node,（名称不明）,bus_stop,14.7628108,-17.4471032
4323839258,node,（名称不明）,bus_stop,14.763146,-17.4372684
4323839259,node,（名称不明）,bus_stop,14.7632345,-17.4374054
4323839260,node,（名称不明）,bus_stop,14.7634113,-17.4437128
4323839261,node,（名称不明）,bus_stop,14.7635263,-17.4437019
4323839262,node,（名称不明）,bus_stop,14.7641799,-17.4400067
4323839263,node,（名称不明）,bus_stop,14.764266,-17.4400021
4323839264,node,（名称不明）,bus_stop,14.7648269,-17.4300026
4323839265,node,（名称不明）,bus_stop,14.7648655,-17.4300858
4323839266,node,（名称不明）,bus_stop,14.7694006,-17.4299093
4323839267,node,（名称不明）,bus_stop,14.7694395,-17.4299974
4323839268,node,（名称不明）,bus_stop,14.7703529,-17.4282784
4323839269,node,（名称不明）,bus_stop,14.7703948,-17.4282768
4323839270,node,（名称不明）,bus_stop,14.7706098,-17.4248349
4323839271,node,（名称不明）,bus_stop,14.7706327,-17.424887
4323839272,node,（名称不明）,bus_stop,14.7709572,-17.4230785
4323839273,node,（名称不明）,bus_stop,14.7711325,-17.4227926
4323839274,node,（名称不明）,bus_stop,14.7723201,-17.4212498
4323839275,node,（名称不明）,bus_stop,14.7725234,-17.4210349
4323839276,node,（名称不明）,bus_stop,14.7730721,-17.4194452
4323839277,node,（名称不明）,bus_stop,14.7734182,-17.418291
4328538789,node,cinéma thiaroye,bus_stop,14.7443386,-17.3850651
4333867188,node,（名称不明）,bus_stop,14.7281264,-17.4880224
4363241075,node,（名称不明）,bus_stop,14.6835741,-17.4372388
4363241076,node,（名称不明）,bus_stop,14.6866177,-17.4366379
4363241077,node,（名称不明）,bus_stop,14.6874578,-17.4360354
4363241084,node,（名称不明）,bus_stop,14.6978423,-17.4445699
4363241085,node,（名称不明）,bus_stop,14.6978801,-17.4385361
4363241086,node,（名称不明）,bus_stop,14.6980434,-17.4390532
4363241087,node,（名称不明）,bus_stop,14.6986541,-17.4687186
4363241088,node,（名称不明）,bus_stop,14.699719,-17.4368745
4363241789,node,（名称不明）,bus_stop,14.6999576,-17.4701113
4363241790,node,（名称不明）,bus_stop,14.700289,-17.4366309
4363241791,node,（名称不明）,bus_stop,14.7010565,-17.4688285
4363241792,node,（名称不明）,bus_stop,14.7022496,-17.4730557
4363241793,node,Deuxième porte Mermoz,bus_stop,14.7027722,-17.4733993
4363241795,node,（名称不明）,bus_stop,14.7032422,-17.4359178
4363241796,node,（名称不明）,bus_stop,14.7033062,-17.4468801
4363241797,node,（名称不明）,bus_stop,14.7035585,-17.4469904
4363241798,node,（名称不明）,bus_stop,14.7046508,-17.4702192
4363241799,node,（名称不明）,bus_stop,14.704813,-17.4634205
4363241801,node,（名称不明）,bus_stop,14.7055116,-17.4699749
4363241802,node,（名称不明）,bus_stop,14.7057205,-17.4519536
4363241803,node,（名称不明）,bus_stop,14.7057375,-17.4786676
4363241805,node,（名称不明）,bus_stop,14.7063809,-17.446671
4363241806,node,（名称不明）,bus_stop,14.7066147,-17.465049
4363241807,node,（名称不明）,bus_stop,14.7067245,-17.4468027
4363241808,node,（名称不明）,bus_stop,14.707182,-17.4350647
4363241810,node,（名称不明）,bus_stop,14.7077655,-17.4662402
4363241811,node,（名称不明）,bus_stop,14.7079872,-17.4593132
4363241812,node,（名称不明）,bus_stop,14.7082078,-17.4807072
4363241813,node,（名称不明）,bus_stop,14.7083993,-17.4528395
4363241814,node,（名称不明）,bus_stop,14.7087827,-17.4813822
4363241816,node,（名称不明）,bus_stop,14.7090432,-17.4712905
4363241817,node,（名称不明）,bus_stop,14.7092798,-17.4708659
4363241818,node,（名称不明）,bus_stop,14.7094342,-17.4464776
4363241821,node,（名称不明）,bus_stop,14.7106303,-17.4807323
4363241822,node,（名称不明）,bus_stop,14.7107288,-17.4465294
4363241823,node,（名称不明）,bus_stop,14.7117859,-17.4718828
4363241824,node,（名称不明）,bus_stop,14.7119073,-17.4776326
4363241825,node,（名称不明）,bus_stop,14.7122868,-17.4774732
4363241826,node,（名称不明）,bus_stop,14.7124355,-17.446282
4363241828,node,（名称不明）,bus_stop,14.7125995,-17.4609466
4363241829,node,（名称不明）,bus_stop,14.7125868,-17.4464024
4363241830,node,（名称不明）,bus_stop,14.7127505,-17.4623919
4363241831,node,（名称不明）,bus_stop,14.7128349,-17.4612136
4363241832,node,（名称不明）,bus_stop,14.7130246,-17.4622302
4363241834,node,（名称不明）,bus_stop,14.713857,-17.4551338
4363241835,node,（名称不明）,bus_stop,14.7139766,-17.4539967
4363241836,node,（名称不明）,bus_stop,14.7139824,-17.4547329
4363241837,node,（名称不明）,bus_stop,14.7141799,-17.4733954
4363241838,node,（名称不明）,bus_stop,14.7142181,-17.473733
4363241839,node,（名称不明）,bus_stop,14.7146611,-17.4819844
4363241840,node,（名称不明）,bus_stop,14.7151059,-17.4531973
4363241841,node,Arret Terrain Sacre coeur,bus_stop,14.715238,-17.4654538
4363241842,node,（名称不明）,bus_stop,14.7153309,-17.4603043
4363241843,node,（名称不明）,bus_stop,14.7155583,-17.465288
4363241844,node,Arret Sacre coeur - BEM,bus_stop,14.7156395,-17.4663872
4363241845,node,（名称不明）,bus_stop,14.7156545,-17.4830728
4363241846,node,（名称不明）,bus_stop,14.7157229,-17.4460939
4363241847,node,（名称不明）,bus_stop,14.71573,-17.4597468
4363241848,node,（名称不明）,bus_stop,14.7159191,-17.4704548
4363241849,node,（名称不明）,bus_stop,14.7160514,-17.4700585
4363241850,node,（名称不明）,bus_stop,14.7162015,-17.4461722
4363241851,node,Arret sacré coeur - BEM,bus_stop,14.7163545,-17.4663856
4363241852,node,（名称不明）,bus_stop,14.7165293,-17.4560585
4363241853,node,Arret College sacre coeur,bus_stop,14.7167429,-17.4640648
4363241854,node,（名称不明）,bus_stop,14.7168467,-17.4557191
4363241855,node,（名称不明）,bus_stop,14.7169689,-17.4847422
4363241856,node,（名称不明）,bus_stop,14.7173775,-17.4673452
4363241857,node,（名称不明）,bus_stop,14.7173654,-17.4582692
4363241858,node,（名称不明）,bus_stop,14.7173997,-17.4860079
4363241859,node,（名称不明）,bus_stop,14.7174249,-17.4509834
4363241860,node,（名称不明）,bus_stop,14.7174878,-17.4582746
4363241861,node,（名称不明）,bus_stop,14.7176779,-17.4634261
4363241862,node,（名称不明）,bus_stop,14.7177996,-17.4670066
4363241863,node,（名称不明）,bus_stop,14.7181804,-17.4710771
4363241864,node,（名称不明）,bus_stop,14.7182202,-17.4561966
4363241865,node,（名称不明）,bus_stop,14.7183385,-17.4626316
4363241866,node,（名称不明）,bus_stop,14.718377,-17.4567156
4363241867,node,（名称不明）,bus_stop,14.7184255,-17.4327026
4363241868,node,（名称不明）,bus_stop,14.7184398,-17.4503465
4363241869,node,（名称不明）,bus_stop,14.718557,-17.4883156
4363241870,node,（名称不明）,bus_stop,14.7186436,-17.4887147
4363241871,node,（名称不明）,bus_stop,14.7187632,-17.4869451
4363241872,node,（名称不明）,bus_stop,14.7188566,-17.4546501
4363241873,node,（名称不明）,bus_stop,14.7190723,-17.4537142
4363241874,node,（名称不明）,bus_stop,14.7195085,-17.4901402
4363241875,node,Arret 2 voies Sacré coeur,bus_stop,14.7196363,-17.4650039
4363241876,node,（名称不明）,bus_stop,14.7197868,-17.4902944
4363241878,node,Arret 2 voies sacré coeur,bus_stop,14.7199844,-17.4650702
4363241879,node,（名称不明）,bus_stop,14.7201805,-17.4468148
4363241880,node,（名称不明）,bus_stop,14.7203631,-17.4484049
4363241881,node,（名称不明）,bus_stop,14.7204943,-17.4606305
4363241883,node,（名称不明）,bus_stop,14.7205659,-17.4574043
4363241884,node,（名称不明）,bus_stop,14.7206161,-17.4570177
4363241885,node,（名称不明）,bus_stop,14.7207755,-17.4606429
4363241887,node,（名称不明）,bus_stop,14.7210135,-17.4318413
4363241888,node,（名称不明）,bus_stop,14.7209994,-17.485812
4363242490,node,（名称不明）,bus_stop,14.7215217,-17.4482308
4363242491,node,（名称不明）,bus_stop,14.7216275,-17.4533231
4363242492,node,（名称不明）,bus_stop,14.7216835,-17.4874542
4363242493,node,（名称不明）,bus_stop,14.7220455,-17.487618
4363242494,node,（名称不明）,bus_stop,14.7221307,-17.4365836
4363242495,node,（名称不明）,bus_stop,14.7221732,-17.4504479
4363242496,node,Arret JVC,bus_stop,14.7222542,-17.463973
4363242497,node,（名称不明）,bus_stop,14.7222251,-17.4468173
4363242498,node,（名称不明）,bus_stop,14.7222886,-17.4707385
4363242499,node,（名称不明）,bus_stop,14.7222878,-17.4627003
4363242500,node,Arret JVC,bus_stop,14.7223125,-17.4638958
4363242501,node,（名称不明）,bus_stop,14.7225027,-17.484492
4363242502,node,（名称不明）,bus_stop,14.7225643,-17.4712087
4363242503,node,（名称不明）,bus_stop,14.7225642,-17.4627602
4363242504,node,（名称不明）,bus_stop,14.7225869,-17.4525252
4363242506,node,（名称不明）,bus_stop,14.7228747,-17.455286
4363242507,node,（名称不明）,bus_stop,14.7228925,-17.4583504
4363242508,node,（名称不明）,bus_stop,14.722935,-17.4584512
4363242509,node,（名称不明）,bus_stop,14.7232153,-17.4463499
4363242510,node,（名称不明）,bus_stop,14.7232211,-17.4308193
4363242511,node,Arret brioche dorée Liberté 6,bus_stop,14.7233511,-17.4652817
4363242512,node,Arret brioche dorée Liberté 6,bus_stop,14.7233982,-17.4652062
4363242513,node,（名称不明）,bus_stop,14.72347,-17.4529776
4363242514,node,37,bus_stop,14.7235614,-17.4382866
4363242515,node,（名称不明）,bus_stop,14.7240811,-17.4530524
4363242516,node,（名称不明）,bus_stop,14.7241496,-17.4833228
4363242517,node,（名称不明）,bus_stop,14.7243526,-17.4610569
4363242519,node,（名称不明）,bus_stop,14.7245668,-17.4603588
4363242520,node,（名称不明）,bus_stop,14.7246076,-17.4570776
4363242521,node,（名称不明）,bus_stop,14.7249815,-17.4297204
4363242522,node,（名称不明）,bus_stop,14.7250754,-17.4880605
4363242523,node,（名称不明）,bus_stop,14.7254762,-17.4882418
4363242524,node,（名称不明）,bus_stop,14.7255696,-17.4448868
4363242525,node,Arret Pharmacie,bus_stop,14.7256037,-17.4827764
4363242526,node,（名称不明）,bus_stop,14.7256911,-17.4294773
4363242527,node,（名称不明）,bus_stop,14.72577,-17.4526697
4363242528,node,Arret Liberté 6,bus_stop,14.7258135,-17.4636853
4363242529,node,Arret Liberte 6,bus_stop,14.7259445,-17.4636752
4363242530,node,（名称不明）,bus_stop,14.7261725,-17.444648
4363242531,node,（名称不明）,bus_stop,14.7263712,-17.4567227
4363242532,node,Arret Bus Mamelles,bus_stop,14.726695,-17.5012411
4363242533,node,（名称不明）,bus_stop,14.7268825,-17.4525677
4363242534,node,Arret Terrain liberté 6,bus_stop,14.7268979,-17.4624771
4363242536,node,（名称不明）,bus_stop,14.7271221,-17.4583123
4363242537,node,（名称不明）,bus_stop,14.7272561,-17.4566865
4363242538,node,（名称不明）,bus_stop,14.7276831,-17.458075
4363242539,node,（名称不明）,bus_stop,14.727741,-17.4516467
4363242540,node,（名称不明）,bus_stop,14.7279226,-17.4718998
4363242541,node,（名称不明）,bus_stop,14.7282389,-17.4556864
4363242542,node,Arrêt Avenue Fahd Ben Abdel Aziz,bus_stop,14.7284268,-17.455351
4363242543,node,（名称不明）,bus_stop,14.7291084,-17.4902847
4363242544,node,（名称不明）,bus_stop,14.7291693,-17.4727569
4363242545,node,（名称不明）,bus_stop,14.7291907,-17.4264541
4363242546,node,（名称不明）,bus_stop,14.7298318,-17.425269
4363242547,node,（名称不明）,bus_stop,14.730068,-17.4991682
4363242548,node,（名称不明）,bus_stop,14.730727,-17.4989676
4408426990,node,Terminus 76,bus_stop,14.7400558,-17.468943
4419421889,node,Terminus 217 et 218,bus_stop,14.7471089,-17.3780703
4485586689,node,37,bus_stop,14.7008419,-17.4264453
4522814695,node,（名称不明）,bus_stop,14.7352258,-17.453225
4522822600,node,（名称不明）,bus_stop,14.7154215,-17.4661979
4522834591,node,（名称不明）,bus_stop,14.7351869,-17.4529162
4666414391,node,Terminus Parcelles-Assainies,bus_stop,14.7603996,-17.4394029
4666430937,node,Port de Dakar,bus_stop,14.6739709,-17.4325478
4666430938,node,Hôtel de ville,bus_stop,14.6718059,-17.4321923
4666430939,node,Place de l’Indépendance,bus_stop,14.6695126,-17.4315741
4666430940,node,（名称不明）,bus_stop,14.6695142,-17.4326022
4666430941,node,（名称不明）,bus_stop,14.6694418,-17.4330474
4666430942,node,Alybaba,bus_stop,14.6694574,-17.4345883
4666430943,node,（名称不明）,bus_stop,14.6692576,-17.4361145
4666430944,node,Ville,bus_stop,14.6691169,-17.4386278
4666430945,node,（名称不明）,bus_stop,14.6705731,-17.4402706
4666430946,node,Arrêt El Malick,bus_stop,14.671611,-17.4404423
4666430947,node,（名称不明）,bus_stop,14.6748817,-17.4433605
4666430948,node,Ville,bus_stop,14.6756718,-17.4439707
4666430949,node,Polyclinique,bus_stop,14.6779668,-17.4463337
4666430950,node,Stade,bus_stop,14.6784889,-17.4471505
4666430951,node,Marché Tilène,bus_stop,14.6794172,-17.4481891
4666430952,node,Marché Tilène,bus_stop,14.6799822,-17.4485358
4666430953,node,Marché Tilène,bus_stop,14.6814319,-17.4502967
4666430954,node,Marché Tilène,bus_stop,14.6820994,-17.4507748
4666430955,node,Medina,bus_stop,14.6833902,-17.4524284
4666430956,node,Medina,bus_stop,14.6837606,-17.4525605
4666430957,node,SAHM,bus_stop,14.6856378,-17.4542992
4666430958,node,Eglise Saint Joseph,bus_stop,14.6864512,-17.4554847
4666430959,node,Manguiers,bus_stop,14.6880625,-17.4568862
4666430960,node,Manguiers,bus_stop,14.6890347,-17.4577499
4666430961,node,Arret Bus Aftu,bus_stop,14.6907153,-17.4589622
4666430962,node,Arret Bus Aftu,bus_stop,14.6910578,-17.4597119
4666430963,node,UCAD,bus_stop,14.6932398,-17.4620743
4666430964,node,UCAD,bus_stop,14.6930841,-17.4621614
4678605797,node,Pouyéne,bus_stop,14.7611981,-17.1159928
4678698156,node,（名称不明）,station,14.7407952,-17.1517652
4683236343,node,ZAC Mbao,bus_stop,14.7304126,-17.3021447
4683261826,node,Keur Mbaye Fall Centre,bus_stop,14.7462473,-17.3186298
4684726469,node,SIPS,bus_stop,14.7431906,-17.391191
4684869853,node,（名称不明）,bus_stop,14.7381331,-17.4091304
4684869869,node,（名称不明）,bus_stop,14.7385715,-17.4065535
4684979090,node,Croisement tivavouane Peulh,bus_stop,14.786355,-17.2945284
4684989789,node,Route de Tivavouane Peulh,bus_stop,14.7892196,-17.2930219
4690360002,node,（名称不明）,bus_stop,14.6972263,-17.4359454
4690360036,node,（名称不明）,bus_stop,14.6973736,-17.43604
4697157995,node,（名称不明）,bus_stop,14.6729843,-17.4328434
4697157996,node,（名称不明）,bus_stop,14.6750023,-17.4360339
4697157997,node,（名称不明）,bus_stop,14.6756332,-17.4388467
4697157998,node,（名称不明）,bus_stop,14.6756893,-17.4388825
4697157999,node,（名称不明）,bus_stop,14.6780394,-17.4419173
4697158000,node,（名称不明）,bus_stop,14.6810538,-17.444821
4697158001,node,（名称不明）,bus_stop,14.682665,-17.4467334
4697158002,node,（名称不明）,bus_stop,14.6829158,-17.4470795
4697158003,node,（名称不明）,bus_stop,14.6843202,-17.4484583
4697158004,node,（名称不明）,bus_stop,14.6846977,-17.4489326
4697158005,node,（名称不明）,bus_stop,14.6864249,-17.4506671
4697158006,node,（名称不明）,bus_stop,14.6866592,-17.451003
4697158007,node,121,bus_stop,14.6893964,-17.4523333
4697158008,node,DDD 121,bus_stop,14.6929237,-17.4540848
4697158009,node,（名称不明）,bus_stop,14.6952652,-17.4533848
4697158010,node,Tata,bus_stop,14.7006292,-17.4545716
4697158011,node,（名称不明）,bus_stop,14.7036608,-17.4572002
4697843990,node,Arret de bus Dakar dem Dikk,bus_stop,14.7427341,-17.435394
4697854889,node,Arret de bus Dakar dem dikk,bus_stop,14.7449355,-17.4259186
4697855389,node,Arret de bus Tata,bus_stop,14.742768,-17.4351768
4701929393,node,（名称不明）,bus_stop,14.6928647,-17.4321964
4701929452,node,（名称不明）,bus_stop,14.6922887,-17.4324795
4704772330,node,（名称不明）,bus_stop,14.7177365,-17.4332636
4706167986,node,（名称不明）,bus_stop,14.6946909,-17.4320887
4706172218,node,（名称不明）,bus_stop,14.6943947,-17.4318502
4719975389,node,（名称不明）,bus_stop,14.7511909,-17.5022927
4719975489,node,（名称不明）,bus_stop,14.7509778,-17.5023916
4725034237,node,Terminus 74 et 81,bus_stop,14.8107202,-17.2608595
4733980625,node,（名称不明）,bus_stop,14.7330019,-17.4558199
4733995121,node,（名称不明）,bus_stop,14.7339152,-17.4547518
4741882132,node,47,bus_stop,14.7450271,-17.5241334
4743908226,node,Gare Dakar Dem Dikk,bus_stop,14.7937159,-17.3361847
4744719732,node,"3, 47, 61",bus_stop,14.7429653,-17.511669
4744745521,node,"217, 218",bus_stop,14.742592,-17.5112728
4744772223,node,47,bus_stop,14.7373891,-17.5106769
4747526721,node,Arrêt bus rond point Ngor,bus_stop,14.7489389,-17.5143999
4754514478,node,Port de Dakar,bus_stop,14.6742772,-17.4320345
4754514479,node,Patisen,bus_stop,14.6728723,-17.4306741
4754535243,node,（名称不明）,bus_stop,14.6741073,-17.4324653
4754553915,node,（名称不明）,bus_stop,14.7059066,-17.4785904
4754561629,node,Arrêt Clémenceau,bus_stop,14.6616769,-17.4369275
4754561630,node,（名称不明）,bus_stop,14.6577489,-17.4353858
4754568562,node,（名称不明）,bus_stop,14.6619157,-17.4371501
4754571946,node,Arret Hopital Principal,bus_stop,14.6625583,-17.4349547
4754571947,node,（名称不明）,bus_stop,14.662483,-17.4351713
4754577377,node,（名称不明）,bus_stop,14.6781277,-17.4447005
4754577378,node,（名称不明）,bus_stop,14.6781381,-17.4448185
4754581034,node,（名称不明）,bus_stop,14.6840752,-17.4448933
4754581040,node,（名称不明）,bus_stop,14.6881643,-17.4460989
4754585100,node,（名称不明）,bus_stop,14.6892547,-17.4466514
4754586063,node,（名称不明）,bus_stop,14.6923086,-17.4476821
4754586087,node,Gare Palais 2,bus_stop,14.652875,-17.433433
4754586185,node,（名称不明）,bus_stop,14.695937,-17.4506466
4754586186,node,（名称不明）,bus_stop,14.6955841,-17.4501665
4754588023,node,（名称不明）,bus_stop,14.6929663,-17.4479469
4754590203,node,（名称不明）,bus_stop,14.6984972,-17.4528018
4754600310,node,（名称不明）,bus_stop,14.701131,-17.4530898
4754600893,node,（名称不明）,bus_stop,14.7014135,-17.453022
4754607771,node,（名称不明）,bus_stop,14.6583678,-17.4357569
4754619722,node,（名称不明）,bus_stop,14.6658079,-17.4372243
4754633611,node,（名称不明）,bus_stop,14.6664995,-17.4395961
4754647800,node,（名称不明）,bus_stop,14.6653104,-17.436093
4754647801,node,（名称不明）,bus_stop,14.6668421,-17.4370024
4754647802,node,（名称不明）,bus_stop,14.6850066,-17.4530551
4754647803,node,（名称不明）,bus_stop,14.6855599,-17.4530967
4754647804,node,（名称不明）,bus_stop,14.6893354,-17.4507672
4754647805,node,（名称不明）,bus_stop,14.6903928,-17.4501972
4754647807,node,（名称不明）,bus_stop,14.691956,-17.4498676
4754647808,node,（名称不明）,bus_stop,14.6926515,-17.4516661
4754647809,node,（名称不明）,bus_stop,14.6932871,-17.4529079
4754647810,node,（名称不明）,bus_stop,14.6933481,-17.4532445
4754647811,node,（名称不明）,bus_stop,14.6948195,-17.454821
4754647812,node,（名称不明）,bus_stop,14.6954331,-17.4556646
4754647813,node,（名称不明）,bus_stop,14.6959941,-17.4557175
4754647814,node,（名称不明）,bus_stop,14.6983771,-17.4580444
4754647815,node,（名称不明）,bus_stop,14.6985043,-17.4577453
4754647816,node,（名称不明）,bus_stop,14.700057,-17.4595799
4754647817,node,（名称不明）,bus_stop,14.7002335,-17.4592876
4754647818,node,（名称不明）,bus_stop,14.7023881,-17.4616694
4754647819,node,（名称不明）,bus_stop,14.7032118,-17.4619885
4754647820,node,（名称不明）,bus_stop,14.7048148,-17.4634597
4754647821,node,（名称不明）,bus_stop,14.7052827,-17.4642489
4754667202,node,（名称不明）,bus_stop,14.7208777,-17.4533793
4754667203,node,（名称不明）,bus_stop,14.7086102,-17.4588631
4754667204,node,（名称不明）,bus_stop,14.7057843,-17.4612274
4754667205,node,（名称不明）,bus_stop,14.7054951,-17.4616801
4754667206,node,（名称不明）,bus_stop,14.702795,-17.4638989
4754667207,node,（名称不明）,bus_stop,14.7020193,-17.4647277
4754667208,node,（名称不明）,bus_stop,14.7004795,-17.4659562
4754667209,node,（名称不明）,bus_stop,14.6996337,-17.4668621
4754667210,node,（名称不明）,bus_stop,14.6980712,-17.4671048
4754667211,node,（名称不明）,bus_stop,14.6960521,-17.4666133
4754667212,node,（名称不明）,bus_stop,14.6958983,-17.4665875
4754667213,node,（名称不明）,bus_stop,14.6938795,-17.4688691
4754667214,node,（名称不明）,bus_stop,14.6938354,-17.4688215
4754667215,node,（名称不明）,bus_stop,14.6926935,-17.4721454
4754667216,node,（名称不明）,bus_stop,14.6924963,-17.4725343
4754667217,node,（名称不明）,bus_stop,14.6845856,-17.4688235
4754667218,node,（名称不明）,bus_stop,14.6842742,-17.4684252
4754667219,node,Arrêt autobus DDD 10,bus_stop,14.6775748,-17.4655512
4754667220,node,（名称不明）,bus_stop,14.678841,-17.4625806
4754669021,node,（名称不明）,bus_stop,14.6790006,-17.4620898
4754669022,node,（名称不明）,bus_stop,14.6758935,-17.4536515
4754669023,node,（名称不明）,bus_stop,14.6753006,-17.4534437
4754669024,node,（名称不明）,bus_stop,14.6719994,-17.4473806
4754669025,node,（名称不明）,bus_stop,14.6718379,-17.4469943
4755184494,node,（名称不明）,bus_stop,14.6810801,-17.455225
4755184495,node,（名称不明）,bus_stop,14.6833349,-17.4542447
4755184496,node,（名称不明）,bus_stop,14.6915549,-17.4603326
4755184497,node,（名称不明）,bus_stop,14.6959684,-17.4656057
4755184498,node,（名称不明）,bus_stop,14.7117265,-17.4561271
4755189937,node,（名称不明）,bus_stop,14.6659395,-17.4380198
4755189938,node,（名称不明）,bus_stop,14.6678778,-17.4392884
4755189939,node,（名称不明）,bus_stop,14.6759812,-17.4471111
4755189940,node,（名称不明）,bus_stop,14.6749524,-17.4498221
4755189941,node,（名称不明）,bus_stop,14.6761317,-17.4510352
4755189942,node,Arrêt autobus DDD 23-20,bus_stop,14.6778533,-17.452843
4755189943,node,（名称不明）,bus_stop,14.6796911,-17.4547566
4755191563,node,（名称不明）,bus_stop,14.6664818,-17.4369495
4755191564,node,（名称不明）,bus_stop,14.6652129,-17.4354636
4755215627,node,Arrêt DDD Av Roi Fahd Ben Abdel Aziz,bus_stop,14.7277425,-17.4504062
4755215628,node,（名称不明）,bus_stop,14.7273015,-17.4471915
4755215629,node,（名称不明）,bus_stop,14.6809811,-17.4550759
4755215630,node,（名称不明）,bus_stop,14.678904,-17.4538474
4755215631,node,Arrêt autobus DDD 23-18,bus_stop,14.6768192,-17.4516198
4755215632,node,（名称不明）,bus_stop,14.6750367,-17.4497369
4755215633,node,（名称不明）,bus_stop,14.6762954,-17.4469186
4757628171,node,Terminus Liberté 6,bus_stop,14.7274063,-17.4602533
4758219965,node,（名称不明）,bus_stop,14.6825604,-17.444221
4758221432,node,（名称不明）,bus_stop,14.669142,-17.4389448
4758221433,node,（名称不明）,bus_stop,14.6813279,-17.4439633
4758230178,node,（名称不明）,bus_stop,14.7138995,-17.455044
4758267167,node,（名称不明）,bus_stop,14.6940657,-17.4586364
4758270571,node,（名称不明）,bus_stop,14.69669,-17.4570875
4758271801,node,（名称不明）,bus_stop,14.6989174,-17.4549337
4758273792,node,（名称不明）,bus_stop,14.7013778,-17.4550876
4758287878,node,（名称不明）,bus_stop,14.7560389,-17.4701018
4803658221,node,（名称不明）,bus_stop,14.7050674,-17.4583869
4803658321,node,Tata,bus_stop,14.7069057,-17.4568327
4813706381,node,Arrêt Mini Bus,bus_stop,14.7804417,-17.3780684
4818848417,node,ARRET LPA,bus_stop,14.7624239,-17.4244938
4820934697,node,（名称不明）,bus_stop,14.7805052,-17.3778391
4825582737,node,DDD 4,bus_stop,14.6885044,-17.4515247
4831129044,node,Aret bus 30 36 37 41,bus_stop,14.7806167,-17.3776013
4832807049,node,Horaire Casamance,bus_stop,14.781227,-17.3717717
4834645626,node,Arre mini bus ligne 32,bus_stop,14.7850163,-17.372804
4834724053,node,2D,bus_stop,14.7827753,-17.372703
4834725205,node,Tata,bus_stop,14.7829281,-17.3726621
4834725206,node,Terminus tata 32,bus_stop,14.7822247,-17.373001
4848144683,node,Arret Baye Niass,bus_stop,14.7684535,-17.3834459
4860786408,node,（名称不明）,bus_stop,14.7495028,-17.4085806
4861631605,node,Terminus 50,bus_stop,14.7948504,-17.336568
4874822083,node,（名称不明）,bus_stop,14.7467942,-17.4491853
4885614232,node,（名称不明）,bus_stop,14.7936718,-17.3324102
4887972387,node,Arret Mini Bus 24-33-46-70-27-41,bus_stop,14.7708388,-17.3867737
4892592362,node,Arrêt de bus DDD 2E,bus_stop,14.7726082,-17.3844963
4936159619,node,（名称不明）,bus_stop,14.7936287,-17.3364473
5038866763,node,（名称不明）,bus_stop,14.7709948,-17.3868138
5038866772,node,ARRET DIAL MBAYE,bus_stop,14.774946,-17.3913507
5038866774,node,ARRET DIAL MBAYE,bus_stop,14.776318,-17.3930217
5038866775,node,ARRET TERMINUS GUEDIAWAYE,bus_stop,14.7731189,-17.3887409
5038866776,node,ARRET PHARMACIE TERMINUS GUEDIAWAYE,bus_stop,14.7734146,-17.3888201
5038866789,node,ARRET MALIBU,bus_stop,14.7752884,-17.4081038
5044774507,node,（名称不明）,bus_stop,14.6907051,-17.4503472
5044774508,node,（名称不明）,bus_stop,14.7106418,-17.4644913
5044842334,node,（名称不明）,bus_stop,14.698919,-17.4529279
5049073085,node,（名称不明）,bus_stop,14.7547732,-17.4686124
5049073086,node,（名称不明）,bus_stop,14.7536121,-17.4671451
5049073087,node,（名称不明）,bus_stop,14.7498647,-17.4640869
5049073089,node,（名称不明）,bus_stop,14.7444676,-17.4507444
5049073090,node,（名称不明）,bus_stop,14.7417683,-17.4487941
5049073091,node,（名称不明）,bus_stop,14.73861,-17.445329
5049073092,node,（名称不明）,bus_stop,14.7367004,-17.4452116
5049073093,node,（名称不明）,bus_stop,14.7339169,-17.446129
5049073094,node,（名称不明）,bus_stop,14.7314026,-17.4462101
5049073095,node,（名称不明）,bus_stop,14.7269571,-17.4449079
5049073096,node,（名称不明）,bus_stop,14.7254619,-17.4449495
5049073097,node,（名称不明）,bus_stop,14.7221885,-17.4469961
5049073098,node,（名称不明）,bus_stop,14.7181901,-17.4504292
5049073099,node,（名称不明）,bus_stop,14.7160071,-17.4523091
5049073100,node,（名称不明）,bus_stop,14.7142267,-17.4539263
5049096052,node,（名称不明）,bus_stop,14.6527633,-17.4335872
5049096068,node,（名称不明）,bus_stop,14.6929156,-17.4605516
5049096069,node,（名称不明）,bus_stop,14.6956291,-17.4578189
5049096072,node,（名称不明）,bus_stop,14.7061291,-17.4592542
5049096076,node,（名称不明）,bus_stop,14.7175222,-17.451052
5049096077,node,（名称不明）,bus_stop,14.7189201,-17.4498275
5049096078,node,（名称不明）,bus_stop,14.7204735,-17.4484624
5049096085,node,（名称不明）,bus_stop,14.7396146,-17.4464167
5049096086,node,（名称不明）,bus_stop,14.7415683,-17.4458411
5049096090,node,（名称不明）,bus_stop,14.7524521,-17.4664489
5049096091,node,（名称不明）,bus_stop,14.7538029,-17.4676789
5049096092,node,（名称不明）,bus_stop,14.7550963,-17.469893
5049096093,node,（名称不明）,bus_stop,14.7555087,-17.4722572
5049096094,node,（名称不明）,bus_stop,14.7553578,-17.4746264
5049096098,node,（名称不明）,bus_stop,14.7462391,-17.4896314
5052292969,node,（名称不明）,bus_stop,14.7100996,-17.4574397
5056748481,node,Terminus Parcelles-Assainies,bus_stop,14.7604342,-17.439255
5057176328,node,Hôtel de ville,bus_stop,14.6718304,-17.4320506
5286379841,node,（名称不明）,bus_stop,14.7487997,-17.3248526
5286379842,node,（名称不明）,bus_stop,14.7702869,-17.3188663
5286379846,node,（名称不明）,bus_stop,14.7743781,-17.31593
5286379847,node,terminus 52,bus_stop,14.7741861,-17.3176734
5286379854,node,（名称不明）,bus_stop,14.7725263,-17.3165308
5454714722,node,（名称不明）,bus_stop,14.7463513,-17.4441678
5473145364,node,（名称不明）,bus_stop,14.7280907,-17.4366222
5486851321,node,Salamtransport DK - TC,bus_stop,14.7288068,-17.4583535
5602708153,node,Ddd,bus_stop,14.7477573,-17.3534345
5602711037,node,Service spéciale Ddd,bus_stop,14.7705411,-17.3187489
5602711222,node,Ddd et tata,bus_stop,14.7459076,-17.3760168
5602711361,node,Ddd,bus_stop,14.7479241,-17.3268373
5602711421,node,Arret tableau tivaone,bus_stop,14.746316,-17.3729299
5602711531,node,Ddd,bus_stop,14.7465186,-17.3626261
5602711532,node,Ddd,bus_stop,14.7489897,-17.3342878
5602711533,node,Ddd,bus_stop,14.7707828,-17.3149921
5602711658,node,Ddd,bus_stop,14.748707,-17.3249468
5602711721,node,Ddd,bus_stop,14.7463105,-17.3670395
5602711722,node,Ddd,bus_stop,14.7488057,-17.3454376
5706104491,node,Gare Leclerc,bus_stop,14.672134,-17.4275808
5746268862,node,（名称不明）,bus_stop,14.7602743,-17.4386574
5765948583,node,Arrêt bus GAMBIE,bus_stop,14.7599112,-17.4389129
5765956053,node,Arrêt mini bus,bus_stop,14.7223903,-17.4575938
5765957176,node,Arrêt bus 15,bus_stop,14.7213231,-17.2851544
5795723743,node,Terminus Dakar Dem Dikk Liberté 6,bus_stop,14.7274328,-17.4602421
6089850879,node,（名称不明）,bus_stop,14.7500451,-17.4516163
6440488778,node,"Arrêt bus DDD (220, 12, 5, 6)",bus_stop,14.7727086,-17.3876225
6567773037,node,（名称不明）,bus_stop,14.6989023,-17.4566304
6567816704,node,（名称不明）,bus_stop,14.6978412,-17.4561985
6570035552,node,（名称不明）,bus_stop,14.7004382,-17.4544269
6570035556,node,（名称不明）,bus_stop,14.700664,-17.4546066
6636898185,node,Terminus 63,bus_stop,14.7208189,-17.2548768
6743940286,node,（名称不明）,bus_stop,14.7852758,-17.3091139
6743940685,node,（名称不明）,bus_stop,14.7481609,-17.3999874
6908480122,node,（名称不明）,bus_stop,14.7036158,-17.4469851
6908480127,node,Dakar Dem Dikk,bus_stop,14.7039641,-17.446961
6909022558,node,（名称不明）,bus_stop,14.7023878,-17.4479826
6957478714,node,ARRET BUS TATA,bus_stop,14.6953768,-17.4532125
6957494011,node,ARRET DE BUS TATA,bus_stop,14.6963623,-17.4521895
6957501646,node,ARRET DE BUS TATA,bus_stop,14.6973004,-17.4508275
6957521517,node,ARRET DE BUS TATA,bus_stop,14.6983505,-17.4477144
6960824385,node,Arrêt Autobus DDD,bus_stop,14.7185236,-17.4870129
6973618124,node,"Arret mini bus 32,31,1,8",bus_stop,14.6859667,-17.4525717
6973640759,node,Arret taxi sham,bus_stop,14.6852883,-17.4529329
6973642082,node,Arret autobus DDD,bus_stop,14.6869421,-17.4523315
6973650357,node,"Arret muni bus 39,71",bus_stop,14.6856492,-17.4553789
6973650359,node,Arret autobus ddd 20,bus_stop,14.683673,-17.4591764
6973663657,node,Arret muni bud,bus_stop,14.6831364,-17.451861
6973684351,node,Arret mi'i bus 37 32 31 1,bus_stop,14.6874417,-17.4520583
6973685937,node,Arret bus 38 58,bus_stop,14.6859051,-17.4529131
6973695269,node,"Arret mini bus 37, 31,1,32",bus_stop,14.688085,-17.4514467
6973695826,node,Arret autobus ddd 4,bus_stop,14.6868733,-17.452175
6973696943,node,"Arret muni bus 29,71,25,4,5846,4",bus_stop,14.6852517,-17.4539183
6973741265,node,Arrêt mini bus 71,bus_stop,14.6855376,-17.4556801
6974032377,node,Arrêt autobus DDD 23-18,bus_stop,14.6784421,-17.453402
6987732386,node,（名称不明）,bus_stop,14.7318467,-17.4599765
7064934735,node,Terminus 71,bus_stop,14.7789702,-17.3164513
7502026079,node,（名称不明）,bus_stop,14.7520427,-17.3677325
7502026080,node,（名称不明）,bus_stop,14.7522088,-17.3672672
7523619073,node,（名称不明）,bus_stop,14.7536185,-17.4550143
7523643996,node,（名称不明）,bus_stop,14.7586192,-17.4525788
7523643997,node,（名称不明）,bus_stop,14.7585751,-17.4519593
7523643998,node,（名称不明）,bus_stop,14.7602999,-17.4516749
7523644000,node,（名称不明）,bus_stop,14.7617446,-17.4511707
7523644001,node,（名称不明）,bus_stop,14.7626161,-17.4505752
7533554076,node,（名称不明）,bus_stop,14.7571862,-17.2345072
7540669015,node,（名称不明）,bus_stop,14.7827965,-17.3617257
7540669016,node,（名称不明）,bus_stop,14.7832698,-17.3619041
7573464220,node,（名称不明）,bus_stop,14.7120466,-17.2672892
7573464221,node,（名称不明）,bus_stop,14.7123761,-17.2674568
7861622532,node,Maison,bus_stop,14.7546145,-17.3903462
7920119833,node,Arrêt de bus,bus_stop,14.7435413,-17.4587343
7920335216,node,Arrêt de bus Tata,bus_stop,14.7421297,-17.4599288
7920517742,node,Arrêt de bus Tata,bus_stop,14.740599,-17.4612062
7920546766,node,Arrêt de bus Tata,bus_stop,14.7394451,-17.4622184
7920546767,node,Arrêt UNO,bus_stop,14.737453,-17.463919
7920819309,node,Centre Social,bus_stop,14.7272407,-17.4566383
7920914460,node,Arrêt de bus Tata,bus_stop,14.7220227,-17.4578483
7920914467,node,Arrêt de bus Tata,bus_stop,14.7182068,-17.456633
7920914472,node,Arrêt de bus Tata,bus_stop,14.7162612,-17.4559678
8250926620,node,Arrêt Dial MBAYE,bus_stop,14.7765363,-17.3941974
8250926621,node,Niari boulangerie,bus_stop,14.7774538,-17.3929582
8541234823,node,Phare Shuttle Parking,bus_stop,14.7231584,-17.4998261
9106121218,node,（名称不明）,bus_stop,14.7227606,-17.4581098
9562676804,node,Arrêt autobus 217 et 218Dakar Dem Dikk,bus_stop,14.7347544,-17.5086293
9588233617,node,Bus pour sindia,bus_stop,14.5553006,-17.1130376
9692069008,node,（名称不明）,bus_stop,14.7712983,-17.2355734
9692069652,node,（名称不明）,bus_stop,14.750953,-17.2376312
10245379100,node,Dakar,station,14.6765855,-17.4338612
10245681535,node,Colobane,station,14.7003482,-17.4416523
10245681651,node,Hann,station,14.7220913,-17.4320723
10245681696,node,Dalifort,station,14.7342483,-17.4189983
10245681715,node,Baux Maraîchers,station,14.7397124,-17.4036081
10245736447,node,Pikine,station,14.7498644,-17.3916937
10245736479,node,Thiaroye,station,14.758771,-17.3802989
10245772241,node,Yeumbeul,station,14.764913,-17.3565049
10245772271,node,Mbao,station,14.744079,-17.3138934
10245772285,node,PNR,station,14.7231692,-17.2839425
10245772297,node,Rufisque,station,14.7159649,-17.2699985
10245849870,node,Bargny,station,14.6981798,-17.2292043
10245849871,node,Diamniadio,station,14.7160641,-17.1984512
11544739863,node,35,bus_stop,14.7546646,-17.468856
11544801579,node,35,bus_stop,14.7371068,-17.5091223
11544819776,node,35,bus_stop,14.7440435,-17.5114247
11544819777,node,35,bus_stop,14.7528476,-17.4937311
11739850111,node,Ndingala,bus_stop,14.7643054,-17.4205183
11739850112,node,Ndingala,bus_stop,14.7646239,-17.4196902
11891670669,node,（名称不明）,bus_stop,14.7272033,-17.296385
12186408919,node,（名称不明）,bus_stop,14.7125362,-17.4765435
12475205384,node,Arrêt minibus 39,bus_stop,14.6770908,-17.451914
12477833020,node,DDD 217 219 227,bus_stop,14.76618,-17.4154418
12495824870,node,terminus Diamalaye,bus_stop,14.7640964,-17.4505726
31461113,way,Chemin de fer de Dakar au Niger,rail,14.7066088,-17.2495831
31461120,way,Chemin de fer de Dakar au Niger,rail,14.7170878,-17.2731189
31461867,way,（名称不明）,rail,14.7022416,-17.4289584
31504388,way,（名称不明）,rail,14.7413467,-17.3983129
31504829,way,（名称不明）,rail,14.7387854,-17.3424051
31974823,way,Chemin de fer de Dakar au Niger,rail,14.7104323,-17.2065675
89097606,way,Chemin de fer de Dakar au Niger,rail,14.7607167,-17.1083586
232905273,way,（名称不明）,rail,14.7071062,-17.2498184
233573491,way,Chemin de fer de Dakar au Niger,rail,14.6991881,-17.2260488
299137674,way,Chemin de fer de Dakar au Niger,rail,14.7534073,-17.1404866
369657647,way,Chemin de fer de Dakar au Niger,rail,14.7437853,-17.3967283
369657648,way,Chemin de fer de Dakar au Niger,rail,14.7434049,-17.3970329
369657649,way,Chemin de fer de Dakar au Niger,rail,14.7429458,-17.3973924
369657650,way,Chemin de fer de Dakar au Niger,rail,14.7412307,-17.3348962
369657655,way,（名称不明）,rail,14.7395443,-17.3695212
473826457,way,Chemin de fer de Dakar au Niger,rail,14.7607248,-17.1081168
473826458,way,Chemin de fer de Dakar au Niger,rail,14.7533755,-17.1404708
473833054,way,Chemin de fer de Dakar au Niger,rail,14.7413784,-17.1535305
473833055,way,Chemin de fer de Dakar au Niger,rail,14.729361,-17.1665528
473833056,way,Chemin de fer de Dakar au Niger,rail,14.741348,-17.1535165
473833057,way,Chemin de fer de Dakar au Niger,rail,14.7293293,-17.16654
474308965,way,Chemin de fer de Dakar au Niger,rail,14.6991375,-17.2260328
474308969,way,Chemin de fer de Dakar au Niger,rail,14.6992101,-17.2357803
474310491,way,Chemin de fer de Dakar au Niger,rail,14.7104497,-17.2063736
474312351,way,Chemin de fer de Dakar au Niger,rail,14.7256113,-17.1765681
474312352,way,Chemin de fer de Dakar au Niger,rail,14.7274964,-17.1715331
474312771,way,Chemin de fer de Dakar au Niger,rail,14.7255718,-17.1765512
474315560,way,Chemin de fer de Dakar au Niger,rail,14.7274628,-17.1715127
474326737,way,（名称不明）,rail,14.707351,-17.2519913
474326741,way,（名称不明）,rail,14.7072262,-17.2504833
474326743,way,（名称不明）,rail,14.7077498,-17.2527479
474331030,way,（名称不明）,rail,14.7150776,-17.2678969
474331031,way,（名称不明）,rail,14.7149237,-17.2681573
474331032,way,（名称不明）,rail,14.7148559,-17.2681768
474331033,way,（名称不明）,rail,14.7146694,-17.2671585
474331034,way,（名称不明）,rail,14.7142308,-17.2655148
474331035,way,（名称不明）,rail,14.715126,-17.2687248
474331038,way,（名称不明）,rail,14.7145313,-17.2671958
474563508,way,Chemin de fer de Dakar au Niger,rail,14.7106173,-17.4227079
474589613,way,Chemin de fer de Dakar au Niger,rail,14.7397982,-17.4025594
474589615,way,Chemin de fer de Dakar au Niger,rail,14.7413365,-17.3995929
474649073,way,（名称不明）,rail,14.7053376,-17.4306946
477115162,way,（名称不明）,rail,14.6928215,-17.426365
477119206,way,（名称不明）,rail,14.6899791,-17.4265477
477119207,way,（名称不明）,rail,14.6874025,-17.4236187
477119208,way,（名称不明）,rail,14.6889189,-17.425448
477119210,way,（名称不明）,rail,14.6890396,-17.4255208
477119211,way,（名称不明）,rail,14.6873972,-17.4246706
477126945,way,（名称不明）,rail,14.6849573,-17.4243607
477126946,way,（名称不明）,rail,14.68504,-17.4245794
699652152,way,TER Dakar-AIBD,rail,14.7027409,-17.4408841
699652153,way,TER Dakar-AIBD,rail,14.7000439,-17.4405083
699652154,way,（名称不明）,rail,14.7001216,-17.4409721
699652157,way,TER Dakar-AIBD,rail,14.6999519,-17.4407413
699652162,way,TER Dakar-AIBD,rail,14.6959084,-17.4410309
699652163,way,TER Dakar-AIBD,rail,14.7001673,-17.4413158
809624036,way,TER Dakar-AIBD,rail,14.7058448,-17.2467752
809624037,way,TER Dakar-AIBD,rail,14.7177459,-17.2740845
809624042,way,TER Dakar-AIBD,rail,14.6776837,-17.4344574
809624043,way,TER Dakar-AIBD,rail,14.6778641,-17.4343876
809624055,way,TER Dakar-AIBD,rail,14.7175652,-17.273832
809624057,way,TER Dakar-AIBD,rail,14.7162512,-17.2701792
809624059,way,（名称不明）,rail,14.7136741,-17.2632774
809624060,way,（名称不明）,rail,14.7134934,-17.2630689
809624061,way,（名称不明）,rail,14.7133714,-17.2628385
809624062,way,（名称不明）,rail,14.713378,-17.2629674
809624063,way,TER Dakar-AIBD,rail,14.713671,-17.2636966
809624064,way,（名称不明）,rail,14.7136272,-17.2635049
809624065,way,（名称不明）,rail,14.7118153,-17.260488
809624066,way,（名称不明）,rail,14.7121606,-17.2610608
809624067,way,TER Dakar-AIBD,rail,14.7066685,-17.2495489
809624086,way,TER Dakar-AIBD,rail,14.6996391,-17.4410435
809624087,way,TER Dakar-AIBD,rail,14.7001961,-17.4412093
809624088,way,TER Dakar-AIBD,rail,14.7002078,-17.4413738
809624089,way,TER Dakar-AIBD,rail,14.7001392,-17.4414551
809624093,way,TER Dakar-AIBD,rail,14.703718,-17.4412565
809624094,way,（名称不明）,rail,14.7152216,-17.4361272
809624098,way,Chemin de fer de Dakar au Niger,rail,14.7550434,-17.3856169
810068958,way,TER Dakar-AIBD,rail,14.7171736,-17.2729677
810068959,way,TER Dakar-AIBD,rail,14.7171426,-17.2730162
810068960,way,TER Dakar-AIBD,rail,14.7171219,-17.2730568
810068961,way,TER Dakar-AIBD,rail,14.7207349,-17.3575417
810068963,way,TER Dakar-AIBD,rail,14.7203655,-17.4007448
810210913,way,TER Dakar-AIBD,rail,14.6999475,-17.4408351
810210914,way,TER Dakar-AIBD,rail,14.70003,-17.440815
810210915,way,TER Dakar-AIBD,rail,14.699764,-17.4406074
810212212,way,TER Dakar-AIBD,rail,14.7651211,-17.3546203
810212213,way,TER Dakar-AIBD,rail,14.7646473,-17.3589329
810212214,way,TER Dakar-AIBD,rail,14.7647103,-17.3583205
810212215,way,TER Dakar-AIBD,rail,14.7650234,-17.3565392
810213795,way,Chemin de fer de Dakar au Niger,rail,14.7447356,-17.3164667
810325933,way,TER Dakar-AIBD,rail,14.7179965,-17.1951667
810325936,way,（名称不明）,rail,14.7132678,-17.2015522
810325937,way,TER Dakar-AIBD,rail,14.7118218,-17.2031027
810325938,way,TER Dakar-AIBD,rail,14.7145354,-17.2000252
810325939,way,（名称不明）,rail,14.7092329,-17.2067731
810325940,way,（名称不明）,rail,14.708641,-17.2074323
810325941,way,（名称不明）,rail,14.7085497,-17.2067056
810325942,way,（名称不明）,rail,14.7089627,-17.2066147
810325962,way,Chemin de fer de Dakar au Niger,rail,14.7236129,-17.1819112
810325963,way,Chemin de fer de Dakar au Niger,rail,14.7236361,-17.1817164
814610104,way,TER Dakar-AIBD,rail,14.703864,-17.4412811
1016285875,way,TER Dakar-AIBD,rail,14.7152475,-17.2672971
1016285876,way,TER Dakar-AIBD,rail,14.7179683,-17.2745236
1016285879,way,TER Dakar-AIBD,rail,14.7645758,-17.359792
1019038325,way,TER Dakar-AIBD,rail,14.7188819,-17.1931577
1019038326,way,TER Dakar-AIBD,rail,14.7162685,-17.2701565
1019038327,way,TER Dakar-AIBD,rail,14.7176089,-17.27378
1019038328,way,TER Dakar-AIBD,rail,14.7650234,-17.3565392
1019038329,way,TER Dakar-AIBD,rail,14.7417553,-17.314046
1019038330,way,（名称不明）,rail,14.7137106,-17.2009421
1019038331,way,TER Dakar-AIBD,rail,14.7053345,-17.2147145
1019038332,way,TER Dakar-AIBD,rail,14.6993161,-17.2260678
1019038333,way,TER Dakar-AIBD,rail,14.7077667,-17.2122945
1019038334,way,TER Dakar-AIBD,rail,14.6992796,-17.2260523
1019038335,way,TER Dakar-AIBD,rail,14.7164156,-17.1956438
1120194237,way,TER Dakar-AIBD,rail,14.6783109,-17.434722
1120194238,way,TER Dakar-AIBD,rail,14.6789646,-17.4350819
1120194239,way,Chemin de fer de Dakar au Niger,rail,14.6772884,-17.4339316
1120194241,way,Chemin de fer de Dakar au Niger,rail,14.6800226,-17.435469
1120194242,way,Chemin de fer de Dakar au Niger,rail,14.6800226,-17.435469
1120194243,way,TER Dakar-AIBD,rail,14.6811837,-17.436241
1120194244,way,TER Dakar-AIBD,rail,14.6803733,-17.4357749
1120219681,way,TER Dakar-AIBD,rail,14.6891914,-17.4397059
1120219682,way,Chemin de fer de Dakar au Niger,rail,14.6894564,-17.4397389
1120219683,way,TER Dakar-AIBD,rail,14.6901317,-17.4401365
1120219688,way,TER Dakar-AIBD,rail,14.6992303,-17.4409148
1120219689,way,TER Dakar-AIBD,rail,14.6986981,-17.4409418
1120219690,way,TER Dakar-AIBD,rail,14.6997872,-17.4405096
1120219692,way,（名称不明）,rail,14.7164236,-17.4345336
1120219693,way,（名称不明）,rail,14.7041831,-17.4296809
1120219694,way,（名称不明）,rail,14.7062815,-17.4314075
1120219695,way,（名称不明）,rail,14.7061882,-17.4312846
1120219696,way,（名称不明）,rail,14.6995162,-17.4263897
1120219697,way,（名称不明）,rail,14.6939629,-17.4264471
1120219698,way,（名称不明）,rail,14.6931666,-17.4266665
1120219699,way,（名称不明）,rail,14.6935448,-17.4265849
1120219700,way,（名称不明）,rail,14.6917432,-17.4273668
1120219728,way,（名称不明）,rail,14.7380895,-17.3417466
1120219729,way,（名称不明）,rail,14.7408734,-17.340896
1120230012,way,TER Dakar-AIBD,rail,14.7651943,-17.3541763
1120230026,way,TER Dakar-AIBD,rail,14.7173333,-17.2733693
1120237569,way,TER Dakar-AIBD,rail,14.7153778,-17.2678626
1120237570,way,（名称不明）,rail,14.7149901,-17.2678088
1120237571,way,（名称不明）,rail,14.7147043,-17.2671477
1120237572,way,（名称不明）,rail,14.7145775,-17.2667091
1120237573,way,（名称不明）,rail,14.7152175,-17.2694281
1120237574,way,（名称不明）,rail,14.7152609,-17.2694214
1120237588,way,（名称不明）,rail,14.7053769,-17.2100918
1120237589,way,（名称不明）,rail,14.7061167,-17.2083426
1120237590,way,（名称不明）,rail,14.7057977,-17.208912
1120237591,way,（名称不明）,rail,14.7056655,-17.2090626
1120237592,way,（名称不明）,rail,14.70611,-17.208289
1120237593,way,TER Dakar-AIBD,rail,14.7073467,-17.2077252
1120237594,way,TER Dakar-AIBD,rail,14.7080747,-17.2069595
1120237595,way,（名称不明）,rail,14.7088368,-17.2059503
1120237597,way,（名称不明）,rail,14.7124029,-17.202124
1120237598,way,TER Dakar-AIBD,rail,14.7104608,-17.2044583
1120237599,way,TER Dakar-AIBD,rail,14.7106792,-17.2042031
1120237600,way,TER Dakar-AIBD,rail,14.7110419,-17.203839
1120237601,way,TER Dakar-AIBD,rail,14.7131886,-17.2015176
1120237611,way,（名称不明）,rail,14.7195497,-17.1926793
1434825,relation,ligne 36,bus,14.7805574,-17.3764709
2792903,relation,Ligne 121,bus,14.7373756,-17.4596681
3853555,relation,（名称不明）,bus,14.6706473,-17.4291018
3982642,relation,Ligne 40,bus,14.7201595,-17.4328071
6951328,relation,1 Parcelles - Leclerc,bus,14.716528,-17.4504559
6990669,relation,7 Palais - Quakam,bus,14.6928593,-17.4635086
6990794,relation,121 Hlm Grand Yoff - Leclerc,bus,14.7045964,-17.4465131
6990830,relation,4 Leclerc - Liberté,bus,14.696717,-17.4469391
6990845,relation,10 Palais - Liberté,bus,14.6908124,-17.4537129
6996431,relation,9 Palais - Liberté,bus,14.6901277,-17.4490335
6999013,relation,121 Leclerc - HLM Grand Medine,bus,14.6785266,-17.4391747
7108131,relation,ARRET CITE SOPRIM,bus,14.7063088,-17.4509721
7203970,relation,4 Liberté - Leclerc,bus,14.6964794,-17.4469391
7487218,relation,9 Liberté - Palais,bus,14.6901277,-17.4494358
7488283,relation,10 Liberté - Palais,bus,14.6905748,-17.4538685
7495137,relation,Ligne 8,bus,14.7059165,-17.4617145
7495279,relation,23 Termibus Palais 1 → Parcelles-Assainies,bus,14.7063088,-17.4503347
7499433,relation,7 Palais 1 → Parcelles-Assainies,bus,14.7127199,-17.4445036
7499475,relation,（名称不明）,bus,14.7016988,-17.4492644
7500475,relation,7 Quakam - Palais,bus,14.6928593,-17.4639059
10123245,relation,（名称不明）,bus,14.7514309,-17.476973
10123246,relation,（名称不明）,bus,14.7514608,-17.4756013
14222002,relation,（名称不明）,bus,14.7233815,-17.5014476
